gml_id,ust_katego,alt_katego,adi,geojson
bursa_ailesagligimerkezi.1,SAĞLIK TESİSLERİ,AİLE SAĞLIĞI MERKEZİ,"ORHANELİ AİLE SAĞLIĞI MERKEZİ
","{""type"":""Point"",""coordinates"":[28.986493972,39.90253314]}"
bursa_ailesagligimerkezi.2,SAĞLIK TESİSLERİ,AİLE SAĞLIĞI MERKEZİ,OSMANGAZİ 2 NOLU GÖÇMEN SAĞLIĞI  MERKEZİ,"{""type"":""Point"",""coordinates"":[28.990983335,40.227757393]}"
bursa_ailesagligimerkezi.3,SAĞLIK TESİSLERİ,AİLE SAĞLIĞI MERKEZİ,OSMANGAZİ 1 NOLU GÖÇMEN SAĞLIĞI MERKEZİ,"{""type"":""Point"",""coordinates"":[29.021668138,40.206415725]}"
bursa_ailesagligimerkezi.4,SAĞLIK TESİSLERİ,AİLE SAĞLIĞI MERKEZİ,YILDIRIM GÜÇLENDİRİLMİŞ GÖÇMEN SAĞLIĞI MERKEZİ,"{""type"":""Point"",""coordinates"":[29.133332925,40.192331847]}"
bursa_ailesagligimerkezi.5,SAĞLIK TESİSLERİ,AİLE SAĞLIĞI MERKEZİ,YILDIRIM 25 NOLU SELÇUKBEY AİLE SAĞLIĞI MERKEZİ,"{""type"":""Point"",""coordinates"":[29.114704739,40.182252862]}"
bursa_ailesagligimerkezi.6,SAĞLIK TESİSLERİ,AİLE SAĞLIĞI MERKEZİ,OSMANGAZİ 56 NOLU ULUDAĞ AİLE SAĞLIĞI MERKEZİİ,"{""type"":""Point"",""coordinates"":[29.009202481,40.244153316]}"
bursa_ailesagligimerkezi.7,SAĞLIK TESİSLERİ,AİLE SAĞLIĞI MERKEZİ,17 NOLU MİNARELİ ÇAVUŞ AİLE SAĞLIĞI MERKEZİ,"{""type"":""Point"",""coordinates"":[28.941124192,40.248255774]}"
bursa_ailesagligimerkezi.8,SAĞLIK TESİSLERİ,AİLE SAĞLIĞI MERKEZİ,1 NOLU DR ZİYA KAYA AİLE SAĞLIĞI MERKEZİ EK BİNA,"{""type"":""Point"",""coordinates"":[29.156483414,40.426355489]}"
bursa_ailesagligimerkezi.9,SAĞLIK TESİSLERİ,AİLE SAĞLIĞI MERKEZİ,2 NOLU BALIKPAZARI AİLE SAĞLIĞI MERKEZİ,"{""type"":""Point"",""coordinates"":[29.154833506,40.435606263]}"
bursa_ailesagligimerkezi.10,SAĞLIK TESİSLERİ,AİLE SAĞLIĞI MERKEZİ,28 NOLU AHMET YESEVİ AİLE SAĞLIĞI MERKEZİ,"{""type"":""Point"",""coordinates"":[28.943339271,40.270640019]}"
bursa_ailesagligimerkezi.11,SAĞLIK TESİSLERİ,AİLE SAĞLIĞI MERKEZİ,3 NOLU ATAEVLER AİLE SAĞLIĞI MERKEZİ,"{""type"":""Point"",""coordinates"":[28.960212562,40.221597184]}"
bursa_ailesagligimerkezi.12,SAĞLIK TESİSLERİ,AİLE SAĞLIĞI MERKEZİ,30 NOLU DUMLUPINAR AİLE SAĞLIĞI MERKEZİ,"{""type"":""Point"",""coordinates"":[28.838244776,40.226775639]}"
bursa_ailesagligimerkezi.213,SAĞLIK TESİSLERİ,AİLE SAĞLIĞI MERKEZİ,9 NOLU HUZUR AİLE SAĞLIĞI MERKEZİ,"{""type"":""Point"",""coordinates"":[29.450516543,40.119459623]}"
bursa_ailesagligimerkezi.13,SAĞLIK TESİSLERİ,AİLE SAĞLIĞI MERKEZİ,31 NOLU BARIŞ AİLE SAĞLIĞI MERKEZİ,"{""type"":""Point"",""coordinates"":[28.966981352,40.216268295]}"
bursa_ailesagligimerkezi.14,SAĞLIK TESİSLERİ,AİLE SAĞLIĞI MERKEZİ,32 NOLU BEŞEVLER SIHHATAİLE SAĞLIĞI MERKEZİ,"{""type"":""Point"",""coordinates"":[28.95588762,40.210920461]}"
bursa_ailesagligimerkezi.15,SAĞLIK TESİSLERİ,AİLE SAĞLIĞI MERKEZİ,4 NOLU BEŞEVLER AİLE SAĞLIĞI MERKEZİ,"{""type"":""Point"",""coordinates"":[28.982822309,40.206545643]}"
bursa_ailesagligimerkezi.16,SAĞLIK TESİSLERİ,AİLE SAĞLIĞI MERKEZİ,5 NOLU CUMHURİYET AİLE SAĞLIĞI MERKEZİ,"{""type"":""Point"",""coordinates"":[28.973033226,40.222834113]}"
bursa_ailesagligimerkezi.17,SAĞLIK TESİSLERİ,AİLE SAĞLIĞI MERKEZİ,7 NOLU ÇAMLICA AİLE SAĞLIĞI MERKEZİ,"{""type"":""Point"",""coordinates"":[28.983596801,40.195776751]}"
bursa_ailesagligimerkezi.18,SAĞLIK TESİSLERİ,AİLE SAĞLIĞI MERKEZİ,YOLÇATI AİLE SAĞLIĞI MERKEZİ,"{""type"":""Point"",""coordinates"":[28.873389245,40.258848205]}"
bursa_ailesagligimerkezi.19,SAĞLIK TESİSLERİ,AİLE SAĞLIĞI MERKEZİ,1 NOLU CARGİL AİLE SAĞLIĞI MERKEZİ,"{""type"":""Point"",""coordinates"":[29.310868629,40.491323385]}"
bursa_ailesagligimerkezi.20,SAĞLIK TESİSLERİ,AİLE SAĞLIĞI MERKEZİ,2 NOLU HÜRRİYET AİLE SAĞLIĞI MERKEZİ,"{""type"":""Point"",""coordinates"":[29.305087733,40.481753642]}"
bursa_ailesagligimerkezi.21,SAĞLIK TESİSLERİ,AİLE SAĞLIĞI MERKEZİ,3 NOLU KURTULUŞ AİLE SAĞLIĞI MERKEZİ,"{""type"":""Point"",""coordinates"":[29.305383365,40.486454231]}"
bursa_ailesagligimerkezi.22,SAĞLIK TESİSLERİ,AİLE SAĞLIĞI MERKEZİ,5 NOLU YENİKÖY AİLE SAĞLIĞI MERKEZİ,"{""type"":""Point"",""coordinates"":[29.355122673,40.534108179]}"
bursa_ailesagligimerkezi.23,SAĞLIK TESİSLERİ,AİLE SAĞLIĞI MERKEZİ,1 NOLU ALACAHIRKA AİLE SAĞLIĞI MERKEZİ,"{""type"":""Point"",""coordinates"":[29.050020211,40.183917691]}"
bursa_ailesagligimerkezi.24,SAĞLIK TESİSLERİ,AİLE SAĞLIĞI MERKEZİ,10 NOLU HEYKEL AİLE SAĞLIĞI MERKEZİ,"{""type"":""Point"",""coordinates"":[29.068861445,40.181511834]}"
bursa_ailesagligimerkezi.25,SAĞLIK TESİSLERİ,AİLE SAĞLIĞI MERKEZİ,11 NOLU HÜDEVANDİGAR AİLE SAĞLIĞI MERKEZİ,"{""type"":""Point"",""coordinates"":[29.009461306,40.202405555]}"
bursa_ailesagligimerkezi.26,SAĞLIK TESİSLERİ,AİLE SAĞLIĞI MERKEZİ,13 NOLU KÜKÜRTLÜ AİLE SAĞLIĞI MERKEZİ,"{""type"":""Point"",""coordinates"":[29.024893754,40.206901345]}"
bursa_ailesagligimerkezi.27,SAĞLIK TESİSLERİ,AİLE SAĞLIĞI MERKEZİ,14 NOLU KÜLLÜPINAR AİLE SAĞLIĞI MERKEZİ,"{""type"":""Point"",""coordinates"":[29.055206934,40.205420285]}"
bursa_ailesagligimerkezi.28,SAĞLIK TESİSLERİ,AİLE SAĞLIĞI MERKEZİ,15 NOLU MAKSEM AİLE SAĞLIĞI MERKEZİ,"{""type"":""Point"",""coordinates"":[29.06170182,40.17915236]}"
bursa_ailesagligimerkezi.29,SAĞLIK TESİSLERİ,AİLE SAĞLIĞI MERKEZİ,16 NOLU MURADİYE AİLE SAĞLIĞI MERKEZİ,"{""type"":""Point"",""coordinates"":[29.045900937,40.192114166]}"
bursa_ailesagligimerkezi.30,SAĞLIK TESİSLERİ,AİLE SAĞLIĞI MERKEZİ,2 NOLU ÇARŞAMBA AİLE SAĞLIĞI MERKEZİ,"{""type"":""Point"",""coordinates"":[29.05510689,40.196267512]}"
bursa_ailesagligimerkezi.31,SAĞLIK TESİSLERİ,AİLE SAĞLIĞI MERKEZİ,20 NOLU AKPINAR AİLE SAĞLIĞI MERKEZİ,"{""type"":""Point"",""coordinates"":[28.972470104,40.244153484]}"
bursa_ailesagligimerkezi.32,SAĞLIK TESİSLERİ,AİLE SAĞLIĞI MERKEZİ,21 NOLU ALEMDAR AİLE SAĞLIĞI MERKEZİ,"{""type"":""Point"",""coordinates"":[29.037476102,40.209157157]}"
bursa_ailesagligimerkezi.33,SAĞLIK TESİSLERİ,AİLE SAĞLIĞI MERKEZİ,23 NOLU BAĞLARBAŞI AİLE SAĞLIĞI MERKEZİ,"{""type"":""Point"",""coordinates"":[28.991024482,40.233667624]}"
bursa_ailesagligimerkezi.34,SAĞLIK TESİSLERİ,AİLE SAĞLIĞI MERKEZİ,24 NOLU FATİH SULTAN MEHMET AİLE SAĞLIĞI MERKEZİ,"{""type"":""Point"",""coordinates"":[28.960954758,40.262842157]}"
bursa_ailesagligimerkezi.35,SAĞLIK TESİSLERİ,AİLE SAĞLIĞI MERKEZİ,26 NOLU GEÇİT AİLE SAĞLIĞI MERKEZİ,"{""type"":""Point"",""coordinates"":[28.944646197,40.274560645]}"
bursa_ailesagligimerkezi.36,SAĞLIK TESİSLERİ,AİLE SAĞLIĞI MERKEZİ,27 NOLU HAMİTLER AİLE SAĞLIĞI MERKEZİ,"{""type"":""Point"",""coordinates"":[28.996135416,40.243389988]}"
bursa_ailesagligimerkezi.37,SAĞLIK TESİSLERİ,AİLE SAĞLIĞI MERKEZİ,28 NOLU HÜRRİYET AİLE SAĞLIĞI MERKEZİ,"{""type"":""Point"",""coordinates"":[29.008584827,40.221930712]}"
bursa_ailesagligimerkezi.38,SAĞLIK TESİSLERİ,AİLE SAĞLIĞI MERKEZİ,29 NOLU İSTİKLAL AİLE SAĞLIĞI MERKEZİ,"{""type"":""Point"",""coordinates"":[29.006637687,40.22291294]}"
bursa_ailesagligimerkezi.39,SAĞLIK TESİSLERİ,AİLE SAĞLIĞI MERKEZİ,3 NOLU ÇEKİRGE AİLE SAĞLIĞI MERKEZİ,"{""type"":""Point"",""coordinates"":[29.02192587,40.200591323]}"
bursa_ailesagligimerkezi.40,SAĞLIK TESİSLERİ,AİLE SAĞLIĞI MERKEZİ,30 NOLU SIRAMEŞELER AİLE SAĞLIĞI MERKEZİ,"{""type"":""Point"",""coordinates"":[29.030902912,40.2092316]}"
bursa_ailesagligimerkezi.41,SAĞLIK TESİSLERİ,AİLE SAĞLIĞI MERKEZİ,32 NOLU YENİBAĞLAR AİLE SAĞLIĞI MERKEZİ,"{""type"":""Point"",""coordinates"":[28.973227088,40.256898172]}"
bursa_ailesagligimerkezi.42,SAĞLIK TESİSLERİ,AİLE SAĞLIĞI MERKEZİ,33 NOLU YENİKARAMAN AİLE SAĞLIĞI MERKEZİ,"{""type"":""Point"",""coordinates"":[28.998957143,40.222178729]}"
bursa_ailesagligimerkezi.43,SAĞLIK TESİSLERİ,AİLE SAĞLIĞI MERKEZİ,36 NOLU BAŞARAN AİLE SAĞLIĞI MERKEZİ,"{""type"":""Point"",""coordinates"":[29.0732667,40.210854853]}"
bursa_ailesagligimerkezi.44,SAĞLIK TESİSLERİ,AİLE SAĞLIĞI MERKEZİ,37 NOLU DEMİRTAŞ AİLE SAĞLIĞI MERKEZİ,"{""type"":""Point"",""coordinates"":[29.094282078,40.271332979]}"
bursa_ailesagligimerkezi.45,SAĞLIK TESİSLERİ,AİLE SAĞLIĞI MERKEZİ,38 NOLU DOĞANEVLER AİLE SAĞLIĞI MERKEZİ,"{""type"":""Point"",""coordinates"":[29.072929882,40.245281887]}"
bursa_ailesagligimerkezi.46,SAĞLIK TESİSLERİ,AİLE SAĞLIĞI MERKEZİ,39 NOLU ELMASBAHÇELER AİLE SAĞLIĞI MERKEZİ,"{""type"":""Point"",""coordinates"":[29.076613052,40.192533055]}"
bursa_ailesagligimerkezi.47,SAĞLIK TESİSLERİ,AİLE SAĞLIĞI MERKEZİ,4 NOLU ÇİFTEHAVUZLAR AİLE SAĞLIĞI MERKEZİ,"{""type"":""Point"",""coordinates"":[29.048748155,40.214262087]}"
bursa_ailesagligimerkezi.48,SAĞLIK TESİSLERİ,AİLE SAĞLIĞI MERKEZİ,40 NOLU FATİH AİLE SAĞLIĞI MERKEZİ,"{""type"":""Point"",""coordinates"":[29.058795938,40.215363023]}"
bursa_ailesagligimerkezi.49,SAĞLIK TESİSLERİ,AİLE SAĞLIĞI MERKEZİ,41 NOLU GÜLBAHÇE AİLE SAĞLIĞI MERKEZİ,"{""type"":""Point"",""coordinates"":[29.074457153,40.201638958]}"
bursa_ailesagligimerkezi.50,SAĞLIK TESİSLERİ,AİLE SAĞLIĞI MERKEZİ,44 NOLU PANAYIR AİLE SAĞLIĞI MERKEZİ,"{""type"":""Point"",""coordinates"":[29.066716328,40.245798207]}"
bursa_ailesagligimerkezi.51,SAĞLIK TESİSLERİ,AİLE SAĞLIĞI MERKEZİ,45 NOLU SAKARYA AİLE SAĞLIĞI MERKEZİ,"{""type"":""Point"",""coordinates"":[29.066345305,40.194247994]}"
bursa_ailesagligimerkezi.52,SAĞLIK TESİSLERİ,AİLE SAĞLIĞI MERKEZİ,46 NOLU SELAMET AİLE SAĞLIĞI MERKEZİ,"{""type"":""Point"",""coordinates"":[29.070980505,40.201810342]}"
bursa_ailesagligimerkezi.53,SAĞLIK TESİSLERİ,AİLE SAĞLIĞI MERKEZİ,47 NOLU YEŞİLOVA AİLE SAĞLIĞI MERKEZİ,"{""type"":""Point"",""coordinates"":[29.067044084,40.212744051]}"
bursa_ailesagligimerkezi.54,SAĞLIK TESİSLERİ,AİLE SAĞLIĞI MERKEZİ,48 NOLU ALEMDAR BOTANİK AİLE SAĞLIĞI MERKEZİ,"{""type"":""Point"",""coordinates"":[29.039927973,40.215682341]}"
bursa_ailesagligimerkezi.55,SAĞLIK TESİSLERİ,AİLE SAĞLIĞI MERKEZİ,49 NOLU YENİKENT AİLE SAĞLIĞI MERKEZİ,"{""type"":""Point"",""coordinates"":[28.985680332,40.269994298]}"
bursa_ailesagligimerkezi.56,SAĞLIK TESİSLERİ,AİLE SAĞLIĞI MERKEZİ,5 NOLU ÇİRİŞHANE AİLE SAĞLIĞI MERKEZİ,"{""type"":""Point"",""coordinates"":[29.050272148,40.206064973]}"
bursa_ailesagligimerkezi.57,SAĞLIK TESİSLERİ,AİLE SAĞLIĞI MERKEZİ,51 NOLU MİHRAPLI AİLE SAĞLIĞI MERKEZİ,"{""type"":""Point"",""coordinates"":[29.006769214,40.202184584]}"
bursa_ailesagligimerkezi.58,SAĞLIK TESİSLERİ,AİLE SAĞLIĞI MERKEZİ,53 NOLU ŞEHİT ÜSTEĞMEN AYKUT KÖROĞLU AİLE SAĞLIĞI MERKEZİ,"{""type"":""Point"",""coordinates"":[28.990757983,40.248722238]}"
bursa_ailesagligimerkezi.59,SAĞLIK TESİSLERİ,AİLE SAĞLIĞI MERKEZİ,54 NOLU GÜNEŞTEPE AİLE SAĞLIĞI MERKEZİ,"{""type"":""Point"",""coordinates"":[29.005729386,40.251584069]}"
bursa_ailesagligimerkezi.60,SAĞLIK TESİSLERİ,AİLE SAĞLIĞI MERKEZİ,55 NOLU ULUDAĞ AİLE SAĞLIĞI MERKEZİ,"{""type"":""Point"",""coordinates"":[29.094610832,40.270096864]}"
bursa_ailesagligimerkezi.61,SAĞLIK TESİSLERİ,AİLE SAĞLIĞI MERKEZİ,6 NOLU DİKKALDIRIM AİLE SAĞLIĞI MERKEZİ,"{""type"":""Point"",""coordinates"":[29.005911251,40.204612463]}"
bursa_ailesagligimerkezi.62,SAĞLIK TESİSLERİ,AİLE SAĞLIĞI MERKEZİ,7 NOLU DR ERHAN SANATER AİLE SAĞLIĞI MERKEZİ,"{""type"":""Point"",""coordinates"":[29.014564922,40.200686555]}"
bursa_ailesagligimerkezi.63,SAĞLIK TESİSLERİ,AİLE SAĞLIĞI MERKEZİ,8 NOLU FEVZİ ÇAKMAK AİLE SAĞLIĞI MERKEZİ,"{""type"":""Point"",""coordinates"":[29.0634641,40.188813508]}"
bursa_ailesagligimerkezi.64,SAĞLIK TESİSLERİ,AİLE SAĞLIĞI MERKEZİ,9 NOLU GÖKDERE AİLE SAĞLIĞI MERKEZİ,"{""type"":""Point"",""coordinates"":[29.073050452,40.185397601]}"
bursa_ailesagligimerkezi.65,SAĞLIK TESİSLERİ,AİLE SAĞLIĞI MERKEZİ,2 NOLU YENİMAHALLE AİLE SAĞLIĞI MERKEZİ,"{""type"":""Point"",""coordinates"":[29.656902516,40.260024451]}"
bursa_ailesagligimerkezi.66,SAĞLIK TESİSLERİ,AİLE SAĞLIĞI MERKEZİ,3 NOLU ATATÜRK AİLE SAĞLIĞI MERKEZİ,"{""type"":""Point"",""coordinates"":[29.652874293,40.27042782]}"
bursa_ailesagligimerkezi.67,SAĞLIK TESİSLERİ,AİLE SAĞLIĞI MERKEZİ,4 NOLU 100. YIL AİLE SAĞLIĞI MERKEZİ,"{""type"":""Point"",""coordinates"":[29.640096516,40.26861399]}"
bursa_ailesagligimerkezi.68,SAĞLIK TESİSLERİ,AİLE SAĞLIĞI MERKEZİ,BAĞLARALTI EĞİTİM AİLE SAĞLIĞI MERKEZİ,"{""type"":""Point"",""coordinates"":[29.138907593,40.18537052]}"
bursa_ailesagligimerkezi.69,SAĞLIK TESİSLERİ,AİLE SAĞLIĞI MERKEZİ,1 NOLU AKÇAĞLAYAN AİLE SAĞLIĞI MERKEZİ,"{""type"":""Point"",""coordinates"":[29.092729416,40.173980982]}"
bursa_ailesagligimerkezi.70,SAĞLIK TESİSLERİ,AİLE SAĞLIĞI MERKEZİ,13 NOLU ŞÜKRANİYE AİLE SAĞLIĞI MERKEZİ,"{""type"":""Point"",""coordinates"":[29.096086187,40.191098678]}"
bursa_ailesagligimerkezi.71,SAĞLIK TESİSLERİ,AİLE SAĞLIĞI MERKEZİ,14 NOLU TELEFERİK AİLE SAĞLIĞI MERKEZİ,"{""type"":""Point"",""coordinates"":[29.083357075,40.172583914]}"
bursa_ailesagligimerkezi.72,SAĞLIK TESİSLERİ,AİLE SAĞLIĞI MERKEZİ,17 NOLU ARABAYATAĞI AİLE SAĞLIĞI MERKEZİ,"{""type"":""Point"",""coordinates"":[29.12855709,40.197401101]}"
bursa_ailesagligimerkezi.73,SAĞLIK TESİSLERİ,AİLE SAĞLIĞI MERKEZİ,18 NOLU CUMALIKIZIK AİLE SAĞLIĞI MERKEZİ,"{""type"":""Point"",""coordinates"":[29.175719654,40.193353208]}"
bursa_ailesagligimerkezi.74,SAĞLIK TESİSLERİ,AİLE SAĞLIĞI MERKEZİ,19 NOLU DUAÇINARI AİLE SAĞLIĞI MERKEZİ,"{""type"":""Point"",""coordinates"":[29.102048501,40.194045062]}"
bursa_ailesagligimerkezi.75,SAĞLIK TESİSLERİ,AİLE SAĞLIĞI MERKEZİ,2 NOLU BEYAZIT AİLE SAĞLIĞI MERKEZİ,"{""type"":""Point"",""coordinates"":[29.101320754,40.186958676]}"
bursa_ailesagligimerkezi.76,SAĞLIK TESİSLERİ,AİLE SAĞLIĞI MERKEZİ,21 NOLU GÜLLÜK AİLE SAĞLIĞI MERKEZİ,"{""type"":""Point"",""coordinates"":[29.120734287,40.187100862]}"
bursa_ailesagligimerkezi.77,SAĞLIK TESİSLERİ,AİLE SAĞLIĞI MERKEZİ,22 NOLU HACİVAT AİLE SAĞLIĞI MERKEZİ,"{""type"":""Point"",""coordinates"":[29.14891238,40.195337242]}"
bursa_ailesagligimerkezi.78,SAĞLIK TESİSLERİ,AİLE SAĞLIĞI MERKEZİ,23 NOLU KARAPINAR AİLE SAĞLIĞI MERKEZİ,"{""type"":""Point"",""coordinates"":[29.188736284,40.188892278]}"
bursa_ailesagligimerkezi.79,SAĞLIK TESİSLERİ,AİLE SAĞLIĞI MERKEZİ,24 NOLU MEVLANA AİLE SAĞLIĞI MERKEZİ,"{""type"":""Point"",""coordinates"":[29.114866984,40.203226105]}"
bursa_ailesagligimerkezi.80,SAĞLIK TESİSLERİ,AİLE SAĞLIĞI MERKEZİ,26 NOLU SAMANLI AİLE SAĞLIĞI MERKEZİ,"{""type"":""Point"",""coordinates"":[29.124768212,40.230449449]}"
bursa_ailesagligimerkezi.81,SAĞLIK TESİSLERİ,AİLE SAĞLIĞI MERKEZİ,27 NOLU ŞİRİNEVLER AİLE SAĞLIĞI MERKEZİ,"{""type"":""Point"",""coordinates"":[29.161882985,40.198513541]}"
bursa_ailesagligimerkezi.82,SAĞLIK TESİSLERİ,AİLE SAĞLIĞI MERKEZİ,28 NOLU ULUS AİLE SAĞLIĞI MERKEZİ,"{""type"":""Point"",""coordinates"":[29.121671129,40.19965922]}"
bursa_ailesagligimerkezi.83,SAĞLIK TESİSLERİ,AİLE SAĞLIĞI MERKEZİ,29 NOLU VATAN AİLE SAĞLIĞI MERKEZİ,"{""type"":""Point"",""coordinates"":[29.088639019,40.201231284]}"
bursa_ailesagligimerkezi.84,SAĞLIK TESİSLERİ,AİLE SAĞLIĞI MERKEZİ,3 NOLU YEDİSELVİLER AİLE SAĞLIĞI MERKEZİ,"{""type"":""Point"",""coordinates"":[29.091049874,40.183474972]}"
bursa_ailesagligimerkezi.85,SAĞLIK TESİSLERİ,AİLE SAĞLIĞI MERKEZİ,31 NOLU YİĞİTLER AİLE SAĞLIĞI MERKEZİ,"{""type"":""Point"",""coordinates"":[29.158273549,40.193291705]}"
bursa_ailesagligimerkezi.86,SAĞLIK TESİSLERİ,AİLE SAĞLIĞI MERKEZİ,32 NOLU ARABAYATAĞI SAYGIN AİLE SAĞLIĞI MERKEZİ,"{""type"":""Point"",""coordinates"":[29.122629073,40.193762363]}"
bursa_ailesagligimerkezi.87,SAĞLIK TESİSLERİ,AİLE SAĞLIĞI MERKEZİ,33 NOLU 152 EVLER AİLE SAĞLIĞI MERKEZİ,"{""type"":""Point"",""coordinates"":[29.107736675,40.187696523]}"
bursa_ailesagligimerkezi.88,SAĞLIK TESİSLERİ,AİLE SAĞLIĞI MERKEZİ,35 NOLU VAKIF AİLE SAĞLIĞI MERKEZİ,"{""type"":""Point"",""coordinates"":[29.145637308,40.218172297]}"
bursa_ailesagligimerkezi.89,SAĞLIK TESİSLERİ,AİLE SAĞLIĞI MERKEZİ,36  NOLU ŞEHİT UZMAN ÇAVUŞ NAZMİ AYYILDIZ AİLE SAĞLIĞI MERKEZİ,"{""type"":""Point"",""coordinates"":[29.09154199,40.210201054]}"
bursa_ailesagligimerkezi.90,SAĞLIK TESİSLERİ,AİLE SAĞLIĞI MERKEZİ,37 NOLU ÇINARÖNÜ AİLE SAĞLIĞI MERKEZİ,"{""type"":""Point"",""coordinates"":[29.135507755,40.1987232]}"
bursa_ailesagligimerkezi.91,SAĞLIK TESİSLERİ,AİLE SAĞLIĞI MERKEZİ,38 NOLU 75.YIL AİLE SAĞLIĞI MERKEZİ,"{""type"":""Point"",""coordinates"":[29.146518512,40.184224197]}"
bursa_ailesagligimerkezi.92,SAĞLIK TESİSLERİ,AİLE SAĞLIĞI MERKEZİ,4 NOLU EMİRSULTAN AİLE SAĞLIĞI MERKEZİ,"{""type"":""Point"",""coordinates"":[29.081867866,40.182223254]}"
bursa_ailesagligimerkezi.93,SAĞLIK TESİSLERİ,AİLE SAĞLIĞI MERKEZİ,40 NOLU NAMAZGAH AİLE SAĞLIĞI MERKEZİ,"{""type"":""Point"",""coordinates"":[29.075384702,40.180147823]}"
bursa_ailesagligimerkezi.94,SAĞLIK TESİSLERİ,AİLE SAĞLIĞI MERKEZİ,5 NOLU ERTUĞRULGAZİ AİLE SAĞLIĞI MERKEZİ,"{""type"":""Point"",""coordinates"":[29.113687871,40.179792001]}"
bursa_ailesagligimerkezi.95,SAĞLIK TESİSLERİ,AİLE SAĞLIĞI MERKEZİ,6 NOLU FERİDE KUTLUCAN AİLE SAĞLIĞI MERKEZİ,"{""type"":""Point"",""coordinates"":[29.10495251,40.187462573]}"
bursa_ailesagligimerkezi.96,SAĞLIK TESİSLERİ,AİLE SAĞLIĞI MERKEZİ,8 NOLU YEŞİLYAYLA AİLE SAĞLIĞI MERKEZİ,"{""type"":""Point"",""coordinates"":[29.096922807,40.181521121]}"
bursa_ailesagligimerkezi.97,SAĞLIK TESİSLERİ,AİLE SAĞLIĞI MERKEZİ,9 NOLU MOLLAARAP AİLE SAĞLIĞI MERKEZİ,"{""type"":""Point"",""coordinates"":[29.074997243,40.174614985]}"
bursa_ailesagligimerkezi.98,SAĞLIK TESİSLERİ,AİLE SAĞLIĞI MERKEZİ,3 NOLU EŞREF DİNÇER AİLE SAĞLIĞI MERKEZİ,"{""type"":""Point"",""coordinates"":[29.161955302,40.433799169]}"
bursa_ailesagligimerkezi.99,SAĞLIK TESİSLERİ,AİLE SAĞLIĞI MERKEZİ,GEMLİK 4 NOLU MANASTIR AİLE SAĞLIĞI MERKEZİ,"{""type"":""Point"",""coordinates"":[29.141427913,40.444467085]}"
bursa_ailesagligimerkezi.100,SAĞLIK TESİSLERİ,AİLE SAĞLIĞI MERKEZİ,5 NOLU UMURBEY AİLE SAĞLIĞI MERKEZİ,"{""type"":""Point"",""coordinates"":[29.179163082,40.414402299]}"
bursa_ailesagligimerkezi.101,SAĞLIK TESİSLERİ,AİLE SAĞLIĞI MERKEZİ,6 NOLU KÜÇÜKKUMLA AİLE SAĞLIĞI MERKEZİ,"{""type"":""Point"",""coordinates"":[29.103773017,40.472989895]}"
bursa_ailesagligimerkezi.102,SAĞLIK TESİSLERİ,AİLE SAĞLIĞI MERKEZİ,7 NOLU  KURŞUNLU AİLE SAĞLIĞI MERKEZİ,"{""type"":""Point"",""coordinates"":[29.035160188,40.364480791]}"
bursa_ailesagligimerkezi.103,SAĞLIK TESİSLERİ,AİLE SAĞLIĞI MERKEZİ,1 NOLU KURTULUŞ AİLE SAĞLIĞI MERKEZİ,"{""type"":""Point"",""coordinates"":[29.19331129,40.21291467]}"
bursa_ailesagligimerkezi.104,SAĞLIK TESİSLERİ,AİLE SAĞLIĞI MERKEZİ,2 NOLU YENİDOĞAN AİLE SAĞLIĞI MERKEZİ,"{""type"":""Point"",""coordinates"":[29.18066457,40.202305972]}"
bursa_ailesagligimerkezi.105,SAĞLIK TESİSLERİ,AİLE SAĞLIĞI MERKEZİ,5 NOLU İPEKYOLU AİLE SAĞLIĞI MERKEZİ,"{""type"":""Point"",""coordinates"":[29.270221256,40.25430816]}"
bursa_ailesagligimerkezi.106,SAĞLIK TESİSLERİ,AİLE SAĞLIĞI MERKEZİ,HARMANCIK AİLE SAĞLIĞI MERKEZİ,"{""type"":""Point"",""coordinates"":[29.155921509,39.680643851]}"
bursa_ailesagligimerkezi.107,SAĞLIK TESİSLERİ,AİLE SAĞLIĞI MERKEZİ,11 NOLU KURŞUNLU AİLE SAĞLIĞI MERKEZİ,"{""type"":""Point"",""coordinates"":[29.666085678,40.032033062]}"
bursa_ailesagligimerkezi.108,SAĞLIK TESİSLERİ,AİLE SAĞLIĞI MERKEZİ,12 NOLU CERRAH AİLE SAĞLIĞI MERKEZİ,"{""type"":""Point"",""coordinates"":[29.448099787,40.071484705]}"
bursa_ailesagligimerkezi.109,SAĞLIK TESİSLERİ,AİLE SAĞLIĞI MERKEZİ,15 NOLU BAYKOCA AİLE SAĞLIĞI MERKEZİ,"{""type"":""Point"",""coordinates"":[29.464459596,40.129742883]}"
bursa_ailesagligimerkezi.110,SAĞLIK TESİSLERİ,AİLE SAĞLIĞI MERKEZİ,2 NOLU ORHANİYE AİLE SAĞLIĞI MERKEZİ,"{""type"":""Point"",""coordinates"":[29.521542819,40.081676893]}"
bursa_ailesagligimerkezi.111,SAĞLIK TESİSLERİ,AİLE SAĞLIĞI MERKEZİ,21 NOLU DOĞANALP  AİLE SAĞLIĞI MERKEZİ,"{""type"":""Point"",""coordinates"":[29.508673478,40.076043244]}"
bursa_ailesagligimerkezi.112,SAĞLIK TESİSLERİ,AİLE SAĞLIĞI MERKEZİ,3 NOLU HAMİDİYE AİLE SAĞLIĞI MERKEZİ,"{""type"":""Point"",""coordinates"":[29.510159259,40.071189123]}"
bursa_ailesagligimerkezi.113,SAĞLIK TESİSLERİ,AİLE SAĞLIĞI MERKEZİ,4 NOLU HANİFE-SELÇUK TEŞİK AİLE SAĞLIĞI MERKEZİ,"{""type"":""Point"",""coordinates"":[29.518351824,40.066122286]}"
bursa_ailesagligimerkezi.114,SAĞLIK TESİSLERİ,AİLE SAĞLIĞI MERKEZİ,5 NOLU ŞÜKRÜ ÖZDİLEK AİLE SAĞLIĞI MERKEZİ,"{""type"":""Point"",""coordinates"":[29.506383246,40.08574684]}"
bursa_ailesagligimerkezi.115,SAĞLIK TESİSLERİ,AİLE SAĞLIĞI MERKEZİ,6 NOLU CUMA AİLE SAĞLIĞI MERKEZİ,"{""type"":""Point"",""coordinates"":[29.511051084,40.079560242]}"
bursa_ailesagligimerkezi.116,SAĞLIK TESİSLERİ,AİLE SAĞLIĞI MERKEZİ,7 NOLU ALANYURT AİLE SAĞLIĞI MERKEZİ,"{""type"":""Point"",""coordinates"":[29.517541066,40.108785236]}"
bursa_ailesagligimerkezi.117,SAĞLIK TESİSLERİ,AİLE SAĞLIĞI MERKEZİ,8 NOLU AKHİSAR AİLE SAĞLIĞI MERKEZİ,"{""type"":""Point"",""coordinates"":[29.476814192,40.115471197]}"
bursa_ailesagligimerkezi.118,SAĞLIK TESİSLERİ,AİLE SAĞLIĞI MERKEZİ,2 NOLU ELBEYLİ AİLE SAĞLIĞI MERKEZİ,"{""type"":""Point"",""coordinates"":[29.722592576,40.488144177]}"
bursa_ailesagligimerkezi.119,SAĞLIK TESİSLERİ,AİLE SAĞLIĞI MERKEZİ,3 NOLU BOYALICA AİLE SAĞLIĞI MERKEZİ,"{""type"":""Point"",""coordinates"":[29.558845303,40.480535446]}"
bursa_ailesagligimerkezi.120,SAĞLIK TESİSLERİ,AİLE SAĞLIĞI MERKEZİ,5 NOLU YÜZBAŞI HASAN TAHSİN AİLE SAĞLIĞI MERKEZİ,"{""type"":""Point"",""coordinates"":[29.722914256,40.429706634]}"
bursa_ailesagligimerkezi.121,SAĞLIK TESİSLERİ,AİLE SAĞLIĞI MERKEZİ,1 NOLU ULUBATLI HASAN AİLE SAĞLIĞI MERKEZİ,"{""type"":""Point"",""coordinates"":[28.358696034,40.218245367]}"
bursa_ailesagligimerkezi.122,SAĞLIK TESİSLERİ,AİLE SAĞLIĞI MERKEZİ,2 NOLU ESENTEPE AİLE SAĞLIĞI MERKEZİ,"{""type"":""Point"",""coordinates"":[28.369141299,40.218252123]}"
bursa_ailesagligimerkezi.123,SAĞLIK TESİSLERİ,AİLE SAĞLIĞI MERKEZİ,3 NOLU GAZİ AİLE SAĞLIĞI MERKEZİ,"{""type"":""Point"",""coordinates"":[28.3674883,40.210364323]}"
bursa_ailesagligimerkezi.124,SAĞLIK TESİSLERİ,AİLE SAĞLIĞI MERKEZİ,4 NOLU CUMHURİYET AİLE SAĞLIĞI MERKEZİ,"{""type"":""Point"",""coordinates"":[28.358697013,40.216177188]}"
bursa_ailesagligimerkezi.125,SAĞLIK TESİSLERİ,AİLE SAĞLIĞI MERKEZİ,6 NOLU BOĞAZKÖY AİLE SAĞLIĞI MERKEZİ,"{""type"":""Point"",""coordinates"":[28.378601742,40.395710801]}"
bursa_ailesagligimerkezi.126,SAĞLIK TESİSLERİ,AİLE SAĞLIĞI MERKEZİ,2 NOLU YENİMAHALLE AİLE SAĞLIĞI MERKEZİ,"{""type"":""Point"",""coordinates"":[29.210602718,40.192228128]}"
bursa_ailesagligimerkezi.127,SAĞLIK TESİSLERİ,AİLE SAĞLIĞI MERKEZİ,3 NOLU BARAKFAKIH AİLE SAĞLIĞI MERKEZİ,"{""type"":""Point"",""coordinates"":[29.277949845,40.23329706]}"
bursa_ailesagligimerkezi.128,SAĞLIK TESİSLERİ,AİLE SAĞLIĞI MERKEZİ,4 NOLU AİLE SAĞLIĞI ESENTEPE TOKİ MERKEZİ,"{""type"":""Point"",""coordinates"":[29.225579374,40.202719822]}"
bursa_ailesagligimerkezi.129,SAĞLIK TESİSLERİ,AİLE SAĞLIĞI MERKEZİ,1 NOLU KARŞIYAKA AİLE SAĞLIĞI MERKEZİ,"{""type"":""Point"",""coordinates"":[28.414490127,40.037212433]}"
bursa_ailesagligimerkezi.130,SAĞLIK TESİSLERİ,AİLE SAĞLIĞI MERKEZİ,3 NOLU SIRMALAR AİLE SAĞLIĞI MERKEZİ,"{""type"":""Point"",""coordinates"":[28.406941946,40.041401544]}"
bursa_ailesagligimerkezi.131,SAĞLIK TESİSLERİ,AİLE SAĞLIĞI MERKEZİ,4 NOLU CEVİZLİ AİLE SAĞLIĞI MERKEZİ,"{""type"":""Point"",""coordinates"":[28.396059586,40.03115964]}"
bursa_ailesagligimerkezi.132,SAĞLIK TESİSLERİ,AİLE SAĞLIĞI MERKEZİ,5 NOLU SANAYİ AİLE SAĞLIĞI MERKEZİ,"{""type"":""Point"",""coordinates"":[28.384528906,40.03385361]}"
bursa_ailesagligimerkezi.133,SAĞLIK TESİSLERİ,AİLE SAĞLIĞI MERKEZİ,8 NOLU ÇELTİKÇİ AİLE SAĞLIĞI MERKEZİ,"{""type"":""Point"",""coordinates"":[28.236293985,40.059426455]}"
bursa_ailesagligimerkezi.134,SAĞLIK TESİSLERİ,AİLE SAĞLIĞI MERKEZİ,9 NOLU YEŞİLOVA AİLE SAĞLIĞI MERKEZİ,"{""type"":""Point"",""coordinates"":[28.442650955,40.13980244]}"
bursa_ailesagligimerkezi.135,SAĞLIK TESİSLERİ,AİLE SAĞLIĞI MERKEZİ,1 NOLU MÜTAREKE AİLE SAĞLIĞI MERKEZİ,"{""type"":""Point"",""coordinates"":[28.874213015,40.380672851]}"
bursa_ailesagligimerkezi.136,SAĞLIK TESİSLERİ,AİLE SAĞLIĞI MERKEZİ,2 NOLU ŞÜKRÜÇAVUŞ AİLE SAĞLIĞI MERKEZİ,"{""type"":""Point"",""coordinates"":[28.89132484,40.370856909]}"
bursa_ailesagligimerkezi.137,SAĞLIK TESİSLERİ,AİLE SAĞLIĞI MERKEZİ,3 NOLU GÜZELYALI AİLE SAĞLIĞI MERKEZİ,"{""type"":""Point"",""coordinates"":[28.928810761,40.351770929]}"
bursa_ailesagligimerkezi.138,SAĞLIK TESİSLERİ,AİLE SAĞLIĞI MERKEZİ,4 NOLU BADEMLİ AİLE SAĞLIĞI MERKEZİ,"{""type"":""Point"",""coordinates"":[28.91963349,40.297045776]}"
bursa_ailesagligimerkezi.139,SAĞLIK TESİSLERİ,AİLE SAĞLIĞI MERKEZİ,5 NOLU ZEYTİNBAĞI AİLE SAĞLIĞI MERKEZİ,"{""type"":""Point"",""coordinates"":[28.79109498,40.390397533]}"
bursa_ailesagligimerkezi.140,SAĞLIK TESİSLERİ,AİLE SAĞLIĞI MERKEZİ,1 NOLU 125. YIL ATATÜRK AİLE SAĞLIĞI MERKEZİ,"{""type"":""Point"",""coordinates"":[28.919954321,40.22885821]}"
bursa_ailesagligimerkezi.141,SAĞLIK TESİSLERİ,AİLE SAĞLIĞI MERKEZİ,13 NOLU KARAMAN AİLE SAĞLIĞI MERKEZİ,"{""type"":""Point"",""coordinates"":[28.999480482,40.215895203]}"
bursa_ailesagligimerkezi.142,SAĞLIK TESİSLERİ,AİLE SAĞLIĞI MERKEZİ,14 NOLU KAYAPA AİLE SAĞLIĞI MERKEZİ,"{""type"":""Point"",""coordinates"":[28.834356669,40.174196747]}"
bursa_ailesagligimerkezi.143,SAĞLIK TESİSLERİ,AİLE SAĞLIĞI MERKEZİ,15 NOLU KONAK AİLE SAĞLIĞI MERKEZİ,"{""type"":""Point"",""coordinates"":[28.987575174,40.210297562]}"
bursa_ailesagligimerkezi.144,SAĞLIK TESİSLERİ,AİLE SAĞLIĞI MERKEZİ,16 NOLU KÜÇÜKSANAYİ AİLE SAĞLIĞI MERKEZİ,"{""type"":""Point"",""coordinates"":[28.941953995,40.211381493]}"
bursa_ailesagligimerkezi.145,SAĞLIK TESİSLERİ,AİLE SAĞLIĞI MERKEZİ,17 NOLU MİNARELİ ÇAVUŞ AİLE SAĞLIĞI MERKEZİ,"{""type"":""Point"",""coordinates"":[28.940363218,40.245641649]}"
bursa_ailesagligimerkezi.146,SAĞLIK TESİSLERİ,AİLE SAĞLIĞI MERKEZİ,19 NOLU ÜÇEVLER AİLE SAĞLIĞI MERKEZİ,"{""type"":""Point"",""coordinates"":[28.948520752,40.198714786]}"
bursa_ailesagligimerkezi.147,SAĞLIK TESİSLERİ,AİLE SAĞLIĞI MERKEZİ,2 NOLU AKÇALAR  AİLE SAĞLIĞI MERKEZİ,"{""type"":""Point"",""coordinates"":[28.747352657,40.175929349]}"
bursa_ailesagligimerkezi.148,SAĞLIK TESİSLERİ,AİLE SAĞLIĞI MERKEZİ,20 NOLU E TİPİ CEZA İNFAZ KURUMU AİLE SAĞLIĞI MERKEZİ,"{""type"":""Point"",""coordinates"":[28.937385338,40.253280468]}"
bursa_ailesagligimerkezi.149,SAĞLIK TESİSLERİ,AİLE SAĞLIĞI MERKEZİ,21 NOLU H TİPİ CEZA İNFAZ KURUMU AİLE SAĞLIĞI MERKEZİ,"{""type"":""Point"",""coordinates"":[28.938408032,40.255361461]}"
bursa_ailesagligimerkezi.150,SAĞLIK TESİSLERİ,AİLE SAĞLIĞI MERKEZİ,23 NOLU KÜLTÜR AİLE SAĞLIĞI MERKEZİ,"{""type"":""Point"",""coordinates"":[28.960182195,40.203503984]}"
bursa_ailesagligimerkezi.151,SAĞLIK TESİSLERİ,AİLE SAĞLIĞI MERKEZİ,24 NOLU 100. YIL AİLE SAĞLIĞI MERKEZİ,"{""type"":""Point"",""coordinates"":[28.906222031,40.226911218]}"
bursa_ailesagligimerkezi.152,SAĞLIK TESİSLERİ,AİLE SAĞLIĞI MERKEZİ,4 NOLU ORKENT AİLE SAĞLIĞI MERKEZİ,"{""type"":""Point"",""coordinates"":[29.315459573,40.503585065]}"
bursa_ailesagligimerkezi.153,SAĞLIK TESİSLERİ,AİLE SAĞLIĞI MERKEZİ,12 NOLU İVAZPAŞA AİLE SAĞLIĞI MERKEZİ,"{""type"":""Point"",""coordinates"":[29.057137035,40.179734084]}"
bursa_ailesagligimerkezi.154,SAĞLIK TESİSLERİ,AİLE SAĞLIĞI MERKEZİ,10 NOLU MUSABABA AİLE SAĞLIĞI MERKEZİ,"{""type"":""Point"",""coordinates"":[29.084606176,40.177299026]}"
bursa_ailesagligimerkezi.155,SAĞLIK TESİSLERİ,AİLE SAĞLIĞI MERKEZİ,8 NOLU GEMLİK KÖRFEZ AİLE SAĞLIĞI MERKEZİ,"{""type"":""Point"",""coordinates"":[29.169410082,40.429186376]}"
bursa_ailesagligimerkezi.156,SAĞLIK TESİSLERİ,AİLE SAĞLIĞI MERKEZİ,1 NOLU TURGUTALP AİLE SAĞLIĞI MERKEZİ,"{""type"":""Point"",""coordinates"":[29.498824681,40.080524804]}"
bursa_ailesagligimerkezi.157,SAĞLIK TESİSLERİ,AİLE SAĞLIĞI MERKEZİ,11 NOLU GÖRÜKLE SAKARYA AİLE SAĞLIĞI MERKEZİ,"{""type"":""Point"",""coordinates"":[28.842684749,40.230928318]}"
bursa_ailesagligimerkezi.158,SAĞLIK TESİSLERİ,AİLE SAĞLIĞI MERKEZİ,18 NOLU ULUDAĞ ÜNİVERSİTESİ AİLE SAĞLIĞI MERKEZİ,"{""type"":""Point"",""coordinates"":[28.871097964,40.226045349]}"
bursa_ailesagligimerkezi.159,SAĞLIK TESİSLERİ,AİLE SAĞLIĞI MERKEZİ,29 NOLU 29 EKİM AİLE SAĞLIĞI MERKEZİ,"{""type"":""Point"",""coordinates"":[28.914588777,40.221056338]}"
bursa_ailesagligimerkezi.160,SAĞLIK TESİSLERİ,AİLE SAĞLIĞI MERKEZİ,19 NOLU ADNAN MENDERES AİLE SAĞLIĞI MERKEZİ,"{""type"":""Point"",""coordinates"":[28.957458319,40.254981919]}"
bursa_ailesagligimerkezi.161,SAĞLIK TESİSLERİ,AİLE SAĞLIĞI MERKEZİ,BÜYÜKORHAN MERKEZ BÜYÜKORHAN AİLE SAĞLIĞI MERKEZİ,"{""type"":""Point"",""coordinates"":[28.884728221,39.774478401]}"
bursa_ailesagligimerkezi.162,SAĞLIK TESİSLERİ,AİLE SAĞLIĞI MERKEZİ,27 NOLU NİLİÜFER AİLE SAĞLIĞI MERKEZİ,"{""type"":""Point"",""coordinates"":[28.990438752,40.221117102]}"
bursa_ailesagligimerkezi.163,SAĞLIK TESİSLERİ,AİLE SAĞLIĞI MERKEZİ,9 NOLU FETHİYE BULVAR AİLE SAĞLIĞI MERKEZİ,"{""type"":""Point"",""coordinates"":[28.979119642,40.227779013]}"
bursa_ailesagligimerkezi.164,SAĞLIK TESİSLERİ,AİLE SAĞLIĞI MERKEZİ,ORHANGAZİ 7 NOLU TOKİ AİLE SAĞLIĞI MERKEZİ,"{""type"":""Point"",""coordinates"":[29.299570925,40.489948455]}"
bursa_ailesagligimerkezi.165,SAĞLIK TESİSLERİ,AİLE SAĞLIĞI MERKEZİ,17 NOLU SOĞANLI AİLE SAĞLIĞI MERKEZİ,"{""type"":""Point"",""coordinates"":[29.043039021,40.208938724]}"
bursa_ailesagligimerkezi.166,SAĞLIK TESİSLERİ,AİLE SAĞLIĞI MERKEZİ,25 NOLU GAZİAKDEMİR AİLE SAĞLIĞI MERKEZİ,"{""type"":""Point"",""coordinates"":[29.042668252,40.202292114]}"
bursa_ailesagligimerkezi.167,SAĞLIK TESİSLERİ,AİLE SAĞLIĞI MERKEZİ,35 NOLU BAHAR AİLE SAĞLIĞI MERKEZİ,"{""type"":""Point"",""coordinates"":[29.066845615,40.203884286]}"
bursa_ailesagligimerkezi.168,SAĞLIK TESİSLERİ,AİLE SAĞLIĞI MERKEZİ,43 NOLU OVAAKÇA AİLE SAĞLIĞI MERKEZİ,"{""type"":""Point"",""coordinates"":[29.05794968,40.30017827]}"
bursa_ailesagligimerkezi.169,SAĞLIK TESİSLERİ,AİLE SAĞLIĞI MERKEZİ,50 NOLU MEHMET AKİF AİLE SAĞLIĞI MERKEZİ,"{""type"":""Point"",""coordinates"":[29.022328438,40.22488985]}"
bursa_ailesagligimerkezi.170,SAĞLIK TESİSLERİ,AİLE SAĞLIĞI MERKEZİ,1 NOLU SİTELER AİLE SAĞLIĞI MERKEZİ,"{""type"":""Point"",""coordinates"":[29.65372988,40.283077771]}"
bursa_ailesagligimerkezi.171,SAĞLIK TESİSLERİ,AİLE SAĞLIĞI MERKEZİ,12 NOLU SIRACEVİZLER AİLE SAĞLIĞI MERKEZİ,"{""type"":""Point"",""coordinates"":[29.09151309,40.178945934]}"
bursa_ailesagligimerkezi.172,SAĞLIK TESİSLERİ,AİLE SAĞLIĞI MERKEZİ,15 NOLU YILDIRIM AİLE SAĞLIĞI MERKEZİ,"{""type"":""Point"",""coordinates"":[29.082800114,40.189864583]}"
bursa_ailesagligimerkezi.173,SAĞLIK TESİSLERİ,AİLE SAĞLIĞI MERKEZİ,25 NOLU MİLLET AİLE SAĞLIĞI MERKEZİ,"{""type"":""Point"",""coordinates"":[29.102105716,40.211733982]}"
bursa_ailesagligimerkezi.174,SAĞLIK TESİSLERİ,AİLE SAĞLIĞI MERKEZİ,34 NOLU YUNUS EMRE AİLE SAĞLIĞI MERKEZİ,"{""type"":""Point"",""coordinates"":[29.104390664,40.201487201]}"
bursa_ailesagligimerkezi.175,SAĞLIK TESİSLERİ,AİLE SAĞLIĞI MERKEZİ,7 NOLU HACI SEYFETTİN AİLE SAĞLIĞI MERKEZİ,"{""type"":""Point"",""coordinates"":[29.086032976,40.184920154]}"
bursa_ailesagligimerkezi.176,SAĞLIK TESİSLERİ,AİLE SAĞLIĞI MERKEZİ,İNEGÖL 10 NOLU YENİCE AİLE SAĞLIĞI MERKEZİ,"{""type"":""Point"",""coordinates"":[29.420787957,40.090016878]}"
bursa_ailesagligimerkezi.177,SAĞLIK TESİSLERİ,AİLE SAĞLIĞI MERKEZİ,14 NOLU MESUDİYE AİLE AİLE SAĞLIĞI MERKEZİ,"{""type"":""Point"",""coordinates"":[29.533853096,40.082248095]}"
bursa_ailesagligimerkezi.178,SAĞLIK TESİSLERİ,AİLE SAĞLIĞI MERKEZİ,1 NOLU İSTANBULKAPI AİLE SAĞLIĞI MERKEZİ,"{""type"":""Point"",""coordinates"":[29.719878382,40.437976437]}"
bursa_ailesagligimerkezi.179,SAĞLIK TESİSLERİ,AİLE SAĞLIĞI MERKEZİ,7 NOLU TEPECİK AİLE SAĞLIĞI MERKEZİ,"{""type"":""Point"",""coordinates"":[28.426046301,40.115645049]}"
bursa_ailesagligimerkezi.180,SAĞLIK TESİSLERİ,AİLE SAĞLIĞI MERKEZİ,10 NOLU GÖRÜKLE KURTULUŞ AİLE SAĞLIĞI MERKEZİ,"{""type"":""Point"",""coordinates"":[28.824987431,40.21862515]}"
bursa_ailesagligimerkezi.181,SAĞLIK TESİSLERİ,AİLE SAĞLIĞI MERKEZİ,26 NOLU DEMİRCİ AİLE SAĞLIĞI MERKEZİ,"{""type"":""Point"",""coordinates"":[28.940400928,40.191148997]}"
bursa_ailesagligimerkezi.182,SAĞLIK TESİSLERİ,AİLE SAĞLIĞI MERKEZİ,3 NOLU ZAFER AİLE SAĞLIĞI MERKEZİ,"{""type"":""Point"",""coordinates"":[29.19211136,40.220060497]}"
bursa_ailesagligimerkezi.183,SAĞLIK TESİSLERİ,AİLE SAĞLIĞI MERKEZİ,2 NOLU BALIKPAZARI ŞİFA HATUN AİLE SAĞLIĞI MERKEZİ,"{""type"":""Point"",""coordinates"":[29.154373819,40.437040846]}"
bursa_ailesagligimerkezi.184,SAĞLIK TESİSLERİ,AİLE SAĞLIĞI MERKEZİ,1 NOLU DR ZİYA AİLE SAĞLIĞI MERKEZİ,"{""type"":""Point"",""coordinates"":[29.156700199,40.426382432]}"
bursa_ailesagligimerkezi.185,SAĞLIK TESİSLERİ,AİLE SAĞLIĞI MERKEZİ,5 NOLU UMURBEY AİLE SAĞLIĞI MERKEZİ,"{""type"":""Point"",""coordinates"":[29.178869021,40.414524027]}"
bursa_ailesagligimerkezi.186,SAĞLIK TESİSLERİ,AİLE SAĞLIĞI MERKEZİ,4 NOLU İBNİ SİNA AİLE SAĞLIĞI MERKEZİ,"{""type"":""Point"",""coordinates"":[29.140233905,40.448107474]}"
bursa_ailesagligimerkezi.187,SAĞLIK TESİSLERİ,AİLE SAĞLIĞI MERKEZİ,8 NOLU GEMLİK ŞEHİT ÖMER HALİSDEMİR AİLE SAĞLIĞI MERKEZİ,"{""type"":""Point"",""coordinates"":[29.171618907,40.433011159]}"
bursa_ailesagligimerkezi.188,SAĞLIK TESİSLERİ,AİLE SAĞLIĞI MERKEZİ,9 NOLU GEMLİK FARABİ AİLE SAĞLIĞI MERKEZİ,"{""type"":""Point"",""coordinates"":[29.159183,40.421979932]}"
bursa_ailesagligimerkezi.189,SAĞLIK TESİSLERİ,AİLE SAĞLIĞI MERKEZİ,6 NOLU İSTİKLAL AİLE SAĞLIĞI MERKEZİ,"{""type"":""Point"",""coordinates"":[29.193580451,40.218873148]}"
bursa_ailesagligimerkezi.190,SAĞLIK TESİSLERİ,AİLE SAĞLIĞI MERKEZİ,07 NOLU GÜRSU ŞİFA AİLE SAĞLIĞI,"{""type"":""Point"",""coordinates"":[29.189267216,40.217582285]}"
bursa_ailesagligimerkezi.191,SAĞLIK TESİSLERİ,AİLE SAĞLIĞI MERKEZİ,8 NOLU AKHİSAR AİLE SAĞLIĞI MERKEZİ,"{""type"":""Point"",""coordinates"":[29.475931945,40.112826592]}"
bursa_ailesagligimerkezi.192,SAĞLIK TESİSLERİ,AİLE SAĞLIĞI MERKEZİ,17 NOLU ZÜBEYDE-İBRAHİM SÜLEK AİLE SAĞLIĞI MERKEZİ - 5 NOLU ASHİ,"{""type"":""Point"",""coordinates"":[29.525320172,40.102533223]}"
bursa_ailesagligimerkezi.193,SAĞLIK TESİSLERİ,AİLE SAĞLIĞI MERKEZİ,20 NOLU FATİH MAH.  AİLE SAĞLIĞI MERKEZİ,"{""type"":""Point"",""coordinates"":[29.511809198,40.1125284]}"
bursa_ailesagligimerkezi.194,SAĞLIK TESİSLERİ,AİLE SAĞLIĞI MERKEZİ,19 NOLU MAHMUDİYE AİLE SAĞLIĞI MERKEZİ,"{""type"":""Point"",""coordinates"":[29.514081835,40.070752242]}"
bursa_ailesagligimerkezi.195,SAĞLIK TESİSLERİ,AİLE SAĞLIĞI MERKEZİ,GÖÇMEN SAĞLIĞI MERKEZİ,"{""type"":""Point"",""coordinates"":[28.354436343,40.215049282]}"
bursa_ailesagligimerkezi.196,SAĞLIK TESİSLERİ,AİLE SAĞLIĞI MERKEZİ,5 NOLU HAMİDİYE AİLE SAĞLIĞI MERKEZİ,"{""type"":""Point"",""coordinates"":[28.367996219,40.227522127]}"
bursa_ailesagligimerkezi.197,SAĞLIK TESİSLERİ,AİLE SAĞLIĞI MERKEZİ,7 NOLU CAMBALI AİLE SAĞLIĞI MERKEZİ,"{""type"":""Point"",""coordinates"":[28.35925873,40.205581332]}"
bursa_ailesagligimerkezi.198,SAĞLIK TESİSLERİ,AİLE SAĞLIĞI MERKEZİ,43 NOLU KAZIM KARABEKİR EĞİTİM AİLE SAĞLIĞI MERKEZİ,"{""type"":""Point"",""coordinates"":[29.102266896,40.203723291]}"
bursa_ailesagligimerkezi.199,SAĞLIK TESİSLERİ,AİLE SAĞLIĞI MERKEZİ,42 NOLU ŞİRİNEVLER ŞİFA AİLE SAĞLIĞI MERKEZİ,"{""type"":""Point"",""coordinates"":[29.16760168,40.201354376]}"
bursa_ailesagligimerkezi.200,SAĞLIK TESİSLERİ,AİLE SAĞLIĞI MERKEZİ,1 NOLU DR ZİYA KAYA AİLE SAĞLIĞI MERKEZİ EK BİNA,"{""type"":""Point"",""coordinates"":[29.156564583,40.426558053]}"
bursa_ailesagligimerkezi.201,SAĞLIK TESİSLERİ,AİLE SAĞLIĞI MERKEZİ,8 NOLU ESENTEPE AİLE SAĞLIĞI MERKEZİ,"{""type"":""Point"",""coordinates"":[28.988309319,40.22618797]}"
bursa_ailesagligimerkezi.202,SAĞLIK TESİSLERİ,AİLE SAĞLIĞI MERKEZİ,6 NOLU SÖLÖZ AİLE SAĞLIĞI MERKEZİ,"{""type"":""Point"",""coordinates"":[29.412654403,40.398253384]}"
bursa_ailesagligimerkezi.203,SAĞLIK TESİSLERİ,AİLE SAĞLIĞI MERKEZİ,18 NOLU TUNA AİLE SAĞLIĞI MERKEZİ,"{""type"":""Point"",""coordinates"":[29.058480449,40.208434394]}"
bursa_ailesagligimerkezi.204,SAĞLIK TESİSLERİ,AİLE SAĞLIĞI MERKEZİ,22 NOLU ALİ BAKGÖR AİLE SAĞLIĞI MERKEZİ,"{""type"":""Point"",""coordinates"":[28.962200409,40.254822348]}"
bursa_ailesagligimerkezi.205,SAĞLIK TESİSLERİ,AİLE SAĞLIĞI MERKEZİ,31 NOLU ŞEVKİ AĞIRGİDEN AİLE SAĞLIĞI MERKEZİ,"{""type"":""Point"",""coordinates"":[29.016133373,40.249168025]}"
bursa_ailesagligimerkezi.206,SAĞLIK TESİSLERİ,AİLE SAĞLIĞI MERKEZİ,42 NOLU KÜÇÜKBALIKLI AİLE SAĞLIĞI MERKEZİ,"{""type"":""Point"",""coordinates"":[29.074657986,40.220655102]}"
bursa_ailesagligimerkezi.207,SAĞLIK TESİSLERİ,AİLE SAĞLIĞI MERKEZİ,52 NOLU 11 EYLÜL AİLE SAĞLIĞI MERKEZİ,"{""type"":""Point"",""coordinates"":[28.951413315,40.262979368]}"
bursa_ailesagligimerkezi.208,SAĞLIK TESİSLERİ,AİLE SAĞLIĞI MERKEZİ,11 NOLU ORTABAĞLAR AİLE SAĞLIĞI MERKEZİ,"{""type"":""Point"",""coordinates"":[29.116924121,40.187758585]}"
bursa_ailesagligimerkezi.209,SAĞLIK TESİSLERİ,AİLE SAĞLIĞI MERKEZİ,20 NOLU ESENEVLER AİLE SAĞLIĞI MERKEZİ,"{""type"":""Point"",""coordinates"":[29.144460643,40.190418812]}"
bursa_ailesagligimerkezi.210,SAĞLIK TESİSLERİ,AİLE SAĞLIĞI MERKEZİ,30 NOLU YAVUZSELİM AİLE SAĞLIĞI MERKEZİ,"{""type"":""Point"",""coordinates"":[29.117341769,40.197279545]}"
bursa_ailesagligimerkezi.211,SAĞLIK TESİSLERİ,AİLE SAĞLIĞI MERKEZİ,41 NOLU YİĞİTLER EDEBALİ AİLE SAĞLIĞI MERKEZİ,"{""type"":""Point"",""coordinates"":[29.154619222,40.190494414]}"
bursa_ailesagligimerkezi.212,SAĞLIK TESİSLERİ,AİLE SAĞLIĞI MERKEZİ,13 NOLU 6 EYLÜL AİLE SAĞLIĞI MERKEZİ,"{""type"":""Point"",""coordinates"":[29.50879519,40.075116802]}"
bursa_ailesagligimerkezi.214,SAĞLIK TESİSLERİ,AİLE SAĞLIĞI MERKEZİ,MERKEZ KELES AİLE SAĞLIĞI MERKEZİ,"{""type"":""Point"",""coordinates"":[29.231499697,39.913585924]}"
bursa_ailesagligimerkezi.215,SAĞLIK TESİSLERİ,AİLE SAĞLIĞI MERKEZİ,6 NOLU YALINTAŞ AİLE SAĞLIĞI MERKEZİ,"{""type"":""Point"",""coordinates"":[28.39359559,40.019517935]}"
bursa_ailesagligimerkezi.216,SAĞLIK TESİSLERİ,AİLE SAĞLIĞI MERKEZİ,12 NOLU İHSANİYE AİLE SAĞLIĞI MERKEZİ,"{""type"":""Point"",""coordinates"":[28.982382939,40.216034253]}"
bursa_ailesagligimerkezi.217,SAĞLIK TESİSLERİ,AİLE SAĞLIĞI MERKEZİ,22 NOLU HASANAĞA-KIZILCIKLI ASM,"{""type"":""Point"",""coordinates"":[28.802544677,40.203991109]}"
bursa_ailesagligimerkezi.218,SAĞLIK TESİSLERİ,AİLE SAĞLIĞI MERKEZİ,25 NOLU IŞIKTEPE AİLE SAĞLIĞI MERKEZİ,"{""type"":""Point"",""coordinates"":[28.960259594,40.227997024]}"
bursa_ailesagligimerkezi.219,SAĞLIK TESİSLERİ,AİLE SAĞLIĞI MERKEZİ,5 NOLU VANİ MEHMET AİLE SAĞLIĞI MERKEZİ,"{""type"":""Point"",""coordinates"":[29.216103977,40.197709008]}"
bursa_ailesagligimerkezi.220,SAĞLIK TESİSLERİ,AİLE SAĞLIĞI MERKEZİ,7 NOLU SİTELER AİLE SAĞLIĞI MERKEZİ,"{""type"":""Point"",""coordinates"":[28.91518158,40.355260555]}"
bursa_ailesagligimerkezi.221,SAĞLIK TESİSLERİ,AİLE SAĞLIĞI MERKEZİ,6 NOLU ÇALI AİLE SAĞLIĞI MERKEZİ,"{""type"":""Point"",""coordinates"":[28.921132111,40.172997225]}"
bursa_ailesagligimerkezi.222,SAĞLIK TESİSLERİ,AİLE SAĞLIĞI MERKEZİ,OSMANGAZİ 34 NOLU ATICILAR AHMET DİNK AİLE SAĞLIĞI MERKEZİ,"{""type"":""Point"",""coordinates"":[29.081308361,40.20288314]}"
bursa_ailesagligimerkezi.223,SAĞLIK TESİSLERİ,AİLE SAĞLIĞI MERKEZİ,YILDIRIM 16 NOLU ZÜMRÜTEVLER AİLE SAĞLIĞI MERKEZİ,"{""type"":""Point"",""coordinates"":[29.100197457,40.17483756]}"
bursa_ailesagligimerkezi.224,SAĞLIK TESİSLERİ,AİLE SAĞLIĞI MERKEZİ,4 NOLU DEMETEVLER AİLE SAĞLIĞI MERKEZİ,"{""type"":""Point"",""coordinates"":[29.172239814,40.205964907]}"
bursa_ailesagligimerkezi.225,SAĞLIK TESİSLERİ,AİLE SAĞLIĞI MERKEZİ,2 NOLU HAMZABEY AİLE SAĞLIĞI MERKEZİ,"{""type"":""Point"",""coordinates"":[28.407663042,40.040430636]}"
bursa_ailesagligimerkezi.226,SAĞLIK TESİSLERİ,AİLE SAĞLIĞI MERKEZİ,32 NOLU ABDULHALİM ALTINOLUK AİLE SAĞLIĞI MERKEZİ,"{""type"":""Point"",""coordinates"":[28.970807624,40.208592891]}"
bursa_ailesagligimerkezi.227,SAĞLIK TESİSLERİ,AİLE SAĞLIĞI MERKEZİ,34 NOLU 23 NİSAN AİLE SAĞLIĞI MERKEZİ,"{""type"":""Point"",""coordinates"":[28.943030674,40.21640264]}"
bursa_ailesagligimerkezi.228,SAĞLIK TESİSLERİ,AİLE SAĞLIĞI MERKEZİ,36 NOLU ERTUĞRUL EĞİTİM AİLE SAĞLIĞI MERKEZİ,"{""type"":""Point"",""coordinates"":[28.922095926,40.216267641]}"
bursa_ailesagligimerkezi.229,SAĞLIK TESİSLERİ,AİLE SAĞLIĞI MERKEZİ,58 NOLU DEMİRTAŞ CUMHURİYET AİLE SAĞLIĞI MERKEZİ,"{""type"":""Point"",""coordinates"":[29.097207968,40.265160567]}"
bursa_ailesagligimerkezi.230,SAĞLIK TESİSLERİ,AİLE SAĞLIĞI MERKEZİ,57 NOLU DEVA AİLE SAĞLIĞI MERKEZİ,"{""type"":""Point"",""coordinates"":[28.963010054,40.256833358]}"
bursa_ailesagligimerkezi.231,SAĞLIK TESİSLERİ,AİLE SAĞLIĞI MERKEZİ,60 NOLU AKYILDIZ AİLE SAĞLIĞI MERKEZİ,"{""type"":""Point"",""coordinates"":[29.013647397,40.263404145]}"
bursa_ailesagligimerkezi.232,SAĞLIK TESİSLERİ,AİLE SAĞLIĞI MERKEZİ,45 NOLU MALTEPE AİLE SAĞLIĞI MERKEZİ,"{""type"":""Point"",""coordinates"":[29.103009292,40.181078278]}"
bursa_ailesagligimerkezi.233,SAĞLIK TESİSLERİ,AİLE SAĞLIĞI MERKEZİ,47 NOLU MARMARA AİLE SAĞLIĞI MERKEZİ,"{""type"":""Point"",""coordinates"":[29.092643375,40.212723942]}"
bursa_ailesagligimerkezi.234,SAĞLIK TESİSLERİ,AİLE SAĞLIĞI MERKEZİ,46 NOLU DAVUTDEDE AİLE SAĞLIĞI MERKEZİ,"{""type"":""Point"",""coordinates"":[29.087317886,40.192126703]}"
bursa_ailesagligimerkezi.235,SAĞLIK TESİSLERİ,AİLE SAĞLIĞI MERKEZİ,48 NOLU ERİKLİ AİLE SAĞLIĞI MERKEZİ,"{""type"":""Point"",""coordinates"":[29.137955195,40.191520176]}"
bursa_ailesagligimerkezi.236,SAĞLIK TESİSLERİ,AİLE SAĞLIĞI MERKEZİ,49 NOLU DEĞİRMENLİKIZIK AİLE SAĞLIĞI MERKEZİ,"{""type"":""Point"",""coordinates"":[29.110457994,40.179920701]}"
bursa_ailesagligimerkezi.237,SAĞLIK TESİSLERİ,AİLE SAĞLIĞI MERKEZİ,52 NOLU EĞİTİM AİLE SAĞLIĞI MERKEZİ,"{""type"":""Point"",""coordinates"":[29.105938069,40.182827539]}"
bursa_ailesagligimerkezi.238,SAĞLIK TESİSLERİ,AİLE SAĞLIĞI MERKEZİ,51 NOLU MİLLET AİLE SAĞLIĞI MERKEZİ,"{""type"":""Point"",""coordinates"":[29.101661952,40.208465996]}"
bursa_ailesagligimerkezi.239,SAĞLIK TESİSLERİ,AİLE SAĞLIĞI MERKEZİ,İNEGÖL 4 NOLU HANİFE-SELÇUK TEŞİK AİLE SAĞLIĞI MERKEZİ,"{""type"":""Point"",""coordinates"":[29.518238514,40.065408832]}"
bursa_ailesagligimerkezi.240,SAĞLIK TESİSLERİ,AİLE SAĞLIĞI MERKEZİ,İNEGÖL 10 NOLU YENİCE AİLE SAĞLIĞI MERKEZİ-ESKİ,"{""type"":""Point"",""coordinates"":[29.420512606,40.09435754]}"
bursa_ailesagligimerkezi.241,SAĞLIK TESİSLERİ,AİLE SAĞLIĞI MERKEZİ,16 NOLU KEMALPAŞA MAH. AİLE SAĞLIĞI MERKEZİ,"{""type"":""Point"",""coordinates"":[29.490072755,40.076638509]}"
bursa_ailesagligimerkezi.242,SAĞLIK TESİSLERİ,AİLE SAĞLIĞI MERKEZİ,"1 NOLU ANA ÇOCUK SAĞLILIĞI VE AİLE PLANLAMA MERKEZİ, AÇSAP GENÇLİK DANIŞMA VE SAĞLIK HİZMETİ MERKEZİ","{""type"":""Point"",""coordinates"":[29.083653321,40.196342092]}"
bursa_ailesagligimerkezi.243,SAĞLIK TESİSLERİ,AİLE SAĞLIĞI MERKEZİ,1 NOLU AHMET VEFİK PAŞA AİLE SAĞLIĞI MERKEZİ,"{""type"":""Point"",""coordinates"":[29.213857058,40.200062065]}"
bursa_ailesagligimerkezi.244,SAĞLIK TESİSLERİ,AİLE SAĞLIĞI MERKEZİ,YILDIRIM 36 NOLU ŞEHİT UZMAN ÇAVUŞ NAZMİ AYYILDIZ AİLE SAĞLIĞI MERKEZİ,"{""type"":""Point"",""coordinates"":[29.094878406,40.211727323]}"
